member_casual,avg_ride_length,number_of_users,Electric_bike_riders,Classic_bike_riders
member,12.480409955502012,2712644,877975,1834669
casual,24.154281650878989,1484914,509316,975598
